ObjectName,objID,ra,dec,run,rerun,camcol,field,type,modelMag_u,modelMag_g,modelMag_r,modelMag_i,modelMag_z
2MASSJ03190509+4128126,1.23766E+18,49.77122143,41.47020448,3628,301,1,103,GALAXY,18.21838,16.57088,15.73157,15.23431,14.794
2MASSJ03213073+4146058,1.23766E+18,50.37808097,41.76826587,3629,301,2,68,STAR,18.3607,17.01986,16.47616,16.29156,16.18381
2MASXJ03221984+4115189,1.23766E+18,50.58284591,41.25530519,3629,301,1,71,GALAXY,18.17159,16.49158,15.60067,15.18021,14.82788
2MASXJ03233016+4133565,1.23766E+18,50.87564849,41.56579815,3629,301,2,71,GALAXY,19.43198,17.15491,16.11514,15.65043,15.19212
2MASXJ03212782+4052199,1.23766E+18,50.36614997,40.87223755,3634,301,5,111,GALAXY,17.55252,16.24718,15.5615,15.14455,14.88628
2MASXJ03233837+4150195,1.23766E+18,50.90996113,41.83885663,3628,301,3,107,GALAXY,19.44198,25.10753,16.15878,15.52048,15.15284
