name,ra,dec
1875899928073496576,50.378349,41.769261
1874688540885936128,49.515435,41.323056
1875826260794435584,49.300826,41.381144
1875825161282807808,49.359368,41.335517
